engine,test,what,window,spearman,lo,hi,picks
D,accuracy,cross memory: mean 5-session net -> 5-session net,whole,0.019105760250571875,-0.030260003239993963,0.06822175159596276,4944
D,accuracy,cross memory: mean 5-session net -> 5-session net,disc,0.0174583731307853,-0.040161245603142416,0.07428901152209676,3675
D,accuracy,cross memory: mean 5-session net -> 5-session net,conf,0.03108755880471481,-0.02398250987137911,0.09250421597185808,1269
D,accuracy,own daily memory (the stock's own similar days): mean 5-session net -> 5-session net,whole,-0.00700563153411183,-0.04382660189726056,0.023436062447113968,4965
D,accuracy,own daily memory (the stock's own similar days): mean 5-session net -> 5-session net,disc,0.0016711074257591263,-0.03715400976396727,0.041774300040307175,3696
D,accuracy,own daily memory (the stock's own similar days): mean 5-session net -> 5-session net,conf,-0.039250018884476504,-0.11274752819965911,0.03985567150768075,1269
D,accuracy,cross memory: median MFE -> MFE,whole,0.24621707281903496,0.1980274890973455,0.29089748992696646,4944
D,accuracy,cross memory: median MFE -> MFE,disc,0.23442455533389694,0.1705496608922501,0.28906939688665795,3675
D,accuracy,cross memory: median MFE -> MFE,conf,0.2865325198918885,0.1966623759502067,0.37948146135619887,1269
D,accuracy,own daily memory: median MFE -> MFE,whole,0.1933618323082862,0.14620470417125245,0.23724155761494542,4965
D,accuracy,own daily memory: median MFE -> MFE,disc,0.16139029921848438,0.11098549800064797,0.2203214592564624,3696
D,accuracy,own daily memory: median MFE -> MFE,conf,0.28225188380796684,0.19926832855402313,0.3701310294466227,1269
D,accuracy,cross memory: chance of +5% -> reached +5%,whole,0.21556539955631085,0.17197219053009635,0.25743493865570904,4944
D,accuracy,cross memory: chance of +5% -> reached +5%,disc,0.21067770078441792,0.15661364601344327,0.26509139452859454,3675
D,accuracy,cross memory: chance of +5% -> reached +5%,conf,0.23315452285011942,0.16292175258503375,0.30860802744164223,1269
D,accuracy,cross memory: session-1 dip -> session-1 dip,whole,0.2707013353654616,0.22218217180363245,0.31721827551640513,3361
D,accuracy,cross memory: session-1 dip -> session-1 dip,disc,0.2457269699454942,0.1781712858425488,0.30341779246358863,2131
D,accuracy,cross memory: session-1 dip -> session-1 dip,conf,0.3031847554437858,0.22664438247850616,0.3728016739826762,1230
D,accuracy,own intraday memory (what this stock did the session AFTER days like T): entry-session dip -> entry-session dip,whole,0.27214889805409764,0.22009321983391766,0.3206770930036279,3436
D,accuracy,own intraday memory (what this stock did the session AFTER days like T): entry-session dip -> entry-session dip,disc,0.26753127238295077,0.2131556070772802,0.32287815898668676,2206
D,accuracy,own intraday memory (what this stock did the session AFTER days like T): entry-session dip -> entry-session dip,conf,0.27688982795823514,0.191101267096138,0.35056704845899134,1230
D,accuracy,cross memory: first-30-min return -> first-30-min return,whole,0.0231019080436187,-0.012777267892203029,0.05701731038585409,3360
D,accuracy,cross memory: first-30-min return -> first-30-min return,disc,0.022463441238582446,-0.016063846139288344,0.06803982031751764,2130
D,accuracy,cross memory: first-30-min return -> first-30-min return,conf,0.025951273431832084,-0.03661016062187926,0.09593142103682623,1230
D,accuracy,own intraday memory (the session AFTER days like T): first-30-min return -> first-30-min return,whole,0.05675094791139145,0.02124265353752298,0.08682106983852819,3435
D,accuracy,own intraday memory (the session AFTER days like T): first-30-min return -> first-30-min return,disc,0.06456781089573864,0.023997602934652997,0.10237982834748303,2205
D,accuracy,own intraday memory (the session AFTER days like T): first-30-min return -> first-30-min return,conf,0.04355519662096063,-0.017581202872029647,0.1110604269106687,1230
D,accuracy,cross memory: low in first 30 min -> low in first 30 min,whole,0.06298589657033488,0.02343814457775689,0.10299748347347085,3361
D,accuracy,cross memory: low in first 30 min -> low in first 30 min,disc,0.02728931542684717,-0.014721711840313446,0.07066200265286882,2131
D,accuracy,cross memory: low in first 30 min -> low in first 30 min,conf,0.12793914501704112,0.059706337208786264,0.20689242040131592,1230
D,intraday adds,5-session net: full minus daily-only,whole,0.027496847965590078,-0.012245532316432632,0.06916092765864534,3481
D,intraday adds,5-session net: full minus daily-only,disc,0.021662098307623903,-0.01910466809933244,0.06559104936598564,2244
D,intraday adds,5-session net: full minus daily-only,conf,0.03757453630010301,-0.036861383766627044,0.11334316195799339,1237
D,intraday adds,5-session net: full minus daily + daily-bar pick day,whole,0.010761450449139362,-0.016116388637862012,0.03697257372330505,3481
D,intraday adds,5-session net: full minus daily + daily-bar pick day,disc,0.010555641230238857,-0.021690479996766873,0.04082088595769821,2244
D,intraday adds,5-session net: full minus daily + daily-bar pick day,conf,0.01072485492905725,-0.037252792325650756,0.05810163011658462,1237
D,intraday adds,MFE: full minus daily-only,whole,0.03221759209729991,0.004385775654243249,0.06257336645135773,3481
D,intraday adds,MFE: full minus daily-only,disc,0.02730427486581799,-0.00176996983275374,0.059984996240049285,2244
D,intraday adds,MFE: full minus daily-only,conf,0.04788092450760595,-0.0038471377819993373,0.09251155575024637,1237
D,intraday adds,session-1 dip: full minus daily-only,whole,-0.019151354587892022,-0.05054601223222549,0.011099264674042496,3224
D,intraday adds,session-1 dip: full minus daily-only,disc,-0.036873684918722255,-0.07733863155060207,-0.0009553710091345321,2021
D,intraday adds,session-1 dip: full minus daily-only,conf,0.016422130999596996,-0.030509441253762516,0.06679059771370478,1203
D,intraday adds,session-1 dip: full minus daily + daily-bar pick day,whole,-0.0018038120754134135,-0.027821459284011113,0.023720000294047486,3225
D,intraday adds,session-1 dip: full minus daily + daily-bar pick day,disc,-0.017991794572733893,-0.04507643544343688,0.006826491064527505,2022
D,intraday adds,session-1 dip: full minus daily + daily-bar pick day,conf,0.025858110185903005,-0.008584401622478028,0.0630504009157839,1203
D,intraday adds,first-30-min return: full minus daily-only,whole,0.0033689723084063816,-0.034893886660781685,0.04576328202756695,3224
D,intraday adds,first-30-min return: full minus daily-only,disc,-0.008614172123041282,-0.052207159607237826,0.034659953228789696,2021
D,intraday adds,first-30-min return: full minus daily-only,conf,0.022213223398324218,-0.04937105106038524,0.08972942445604973,1203
ENS,accuracy,cross memory: mean 5-session net -> 5-session net,whole,-0.00254113450880981,-0.04901472446419603,0.047007830778633464,4944
ENS,accuracy,cross memory: mean 5-session net -> 5-session net,disc,0.010387988394995712,-0.04920720298358321,0.06832571926599415,3675
ENS,accuracy,cross memory: mean 5-session net -> 5-session net,conf,-0.03513277577107739,-0.08840340001296275,0.018634998424521418,1269
ENS,accuracy,own daily memory (the stock's own similar days): mean 5-session net -> 5-session net,whole,-0.02277953469151021,-0.06008011490389417,0.016553928684506038,4965
ENS,accuracy,own daily memory (the stock's own similar days): mean 5-session net -> 5-session net,disc,-0.02670947760804743,-0.06721966849200044,0.012377415284768717,3696
ENS,accuracy,own daily memory (the stock's own similar days): mean 5-session net -> 5-session net,conf,-0.02364621419931498,-0.09513874584219904,0.04466793297420541,1269
ENS,accuracy,cross memory: median MFE -> MFE,whole,0.2331427062953302,0.19312524657237784,0.27261177404890813,4944
ENS,accuracy,cross memory: median MFE -> MFE,disc,0.23663695305723273,0.18924651395514192,0.28322915782793934,3675
ENS,accuracy,cross memory: median MFE -> MFE,conf,0.23776348102608863,0.17168996817895082,0.31949754430963845,1269
ENS,accuracy,own daily memory: median MFE -> MFE,whole,0.1437632983819039,0.0997113470226238,0.18217116094430919,4965
ENS,accuracy,own daily memory: median MFE -> MFE,disc,0.13679732941926995,0.08443082980709596,0.17997035443437545,3696
ENS,accuracy,own daily memory: median MFE -> MFE,conf,0.1647774882848217,0.08570518226217226,0.23595097003040305,1269
ENS,accuracy,cross memory: chance of +5% -> reached +5%,whole,0.21351719727743776,0.1753106440096231,0.2487852645509727,4944
ENS,accuracy,cross memory: chance of +5% -> reached +5%,disc,0.2282766589396715,0.18587626880816943,0.27486979267927386,3675
ENS,accuracy,cross memory: chance of +5% -> reached +5%,conf,0.18268933538710622,0.12313012395311881,0.24019298940851674,1269
ENS,accuracy,cross memory: session-1 dip -> session-1 dip,whole,0.18003751761021694,0.13583782467223787,0.2202147019638705,3378
ENS,accuracy,cross memory: session-1 dip -> session-1 dip,disc,0.14414756084432223,0.09195340656379519,0.192558160806551,2155
ENS,accuracy,cross memory: session-1 dip -> session-1 dip,conf,0.22824355721297057,0.161969518813492,0.2898266359982336,1223
ENS,accuracy,own intraday memory (what this stock did the session AFTER days like T): entry-session dip -> entry-session dip,whole,0.18521428795966216,0.14348580428149352,0.22650560358886848,3462
ENS,accuracy,own intraday memory (what this stock did the session AFTER days like T): entry-session dip -> entry-session dip,disc,0.1733622184483062,0.12219144914641097,0.2260317690482954,2238
ENS,accuracy,own intraday memory (what this stock did the session AFTER days like T): entry-session dip -> entry-session dip,conf,0.2108702704585702,0.14037736595792666,0.2768859108430852,1224
ENS,accuracy,cross memory: first-30-min return -> first-30-min return,whole,0.010326516476263335,-0.024936947141793103,0.04463045050436048,3374
ENS,accuracy,cross memory: first-30-min return -> first-30-min return,disc,0.005240946540209902,-0.03344805449919666,0.04325390325065372,2151
ENS,accuracy,cross memory: first-30-min return -> first-30-min return,conf,0.015541690419943015,-0.0431747054093386,0.09246555844376185,1223
ENS,accuracy,own intraday memory (the session AFTER days like T): first-30-min return -> first-30-min return,whole,0.019889918620624062,-0.016539217707157265,0.05168793582522541,3458
ENS,accuracy,own intraday memory (the session AFTER days like T): first-30-min return -> first-30-min return,disc,0.014201229980587704,-0.02959259310499563,0.06520560431823463,2234
ENS,accuracy,own intraday memory (the session AFTER days like T): first-30-min return -> first-30-min return,conf,0.026147284389991827,-0.021311587563599042,0.07763290481974953,1224
ENS,accuracy,cross memory: low in first 30 min -> low in first 30 min,whole,0.08410829035032584,0.04792078632802311,0.11954863457331083,3378
ENS,accuracy,cross memory: low in first 30 min -> low in first 30 min,disc,0.06492932420757544,0.019070091629066834,0.1110026173303095,2155
ENS,accuracy,cross memory: low in first 30 min -> low in first 30 min,conf,0.123547993709393,0.07012407812959559,0.18806454211066728,1223
ENS,intraday adds,5-session net: full minus daily-only,whole,0.02382101003558203,-0.01241059750308253,0.057672775355682215,3476
ENS,intraday adds,5-session net: full minus daily-only,disc,0.03478688705812866,-0.007572649766120615,0.08325957237263511,2247
ENS,intraday adds,5-session net: full minus daily-only,conf,-0.0006338384328769438,-0.06447708388614427,0.05886802552437898,1229
ENS,intraday adds,5-session net: full minus daily + daily-bar pick day,whole,-2.883652713896699e-05,-0.026909087240782146,0.025997211384954422,3476
ENS,intraday adds,5-session net: full minus daily + daily-bar pick day,disc,-0.007303770091667293,-0.042355077665279864,0.025922127792810366,2247
ENS,intraday adds,5-session net: full minus daily + daily-bar pick day,conf,0.009266442376998522,-0.03709935356434408,0.04973773701926904,1229
ENS,intraday adds,MFE: full minus daily-only,whole,0.05029253000443629,0.020940561666981262,0.08025309428056916,3476
ENS,intraday adds,MFE: full minus daily-only,disc,0.04813027592841329,0.015880918514824417,0.07818444591600161,2247
ENS,intraday adds,MFE: full minus daily-only,conf,0.05734802883886017,-0.0061413268296888375,0.12594548659146615,1229
ENS,intraday adds,session-1 dip: full minus daily-only,whole,-0.018678403292207296,-0.04958173884563706,0.010585387537232855,3223
ENS,intraday adds,session-1 dip: full minus daily-only,disc,-0.012565080138005003,-0.04942821365250151,0.017282197186423476,2035
ENS,intraday adds,session-1 dip: full minus daily-only,conf,-0.031177714927803718,-0.08439834916422369,0.017602488434258483,1188
ENS,intraday adds,session-1 dip: full minus daily + daily-bar pick day,whole,-0.01894982169227255,-0.04088087633340281,0.003447033693533199,3222
ENS,intraday adds,session-1 dip: full minus daily + daily-bar pick day,disc,-0.01792593628352615,-0.048438703310410794,0.011543108866194538,2034
ENS,intraday adds,session-1 dip: full minus daily + daily-bar pick day,conf,-0.022192224573301306,-0.06146398602938269,0.01518736513966305,1188
ENS,intraday adds,first-30-min return: full minus daily-only,whole,-0.021284871003921915,-0.05974162862070298,0.01622023098063172,3221
ENS,intraday adds,first-30-min return: full minus daily-only,disc,-0.020081255315942292,-0.06964706712821508,0.027629940430499853,2033
ENS,intraday adds,first-30-min return: full minus daily-only,conf,-0.027999324563520642,-0.0940140362712526,0.04255505555820835,1188
