rule,kind,disc_days,disc_mean_bp,disc_lo_bp,disc_hi_bp,disc_p,conf_days,conf_mean_bp,conf_lo_bp,conf_hi_bp,conf_p,discovery_survivor,confirmed,verdict,engine,forward_lane
E:CLOSE_T1,entry,799,-34.12156772479331,-49.26027356310183,-19.235627005527878,0.0005,422,-25.59203065302032,-46.706961457267575,-4.987964492022377,0.0125,True,False,failed confirmation - discarded,D,False
E:GAPDN2_OPEN_ELSE_VWAP30,entry,799,-8.40808991737725,-15.973094663331795,-0.8012953014970562,0.0265,422,-13.210904530808481,-22.615873129786156,-3.7875718461308883,0.006500000000000001,True,False,failed confirmation - discarded,D,False
E:GAPUP2_VWAP30_ELSE_OPEN,entry,799,2.605776937688777,0.6442320717292888,4.682818818065333,0.0095,422,0.15876872003359963,-3.6595534188299093,3.960982443516356,0.9235,True,False,failed confirmation - discarded,D,False
E:LIMIT_PREV_CLOSE,entry,799,-20.417281354388944,-43.3097955234288,-0.008566813641083451,0.0535,422,-25.365276726306234,-54.02433456172103,-0.15928631375033617,0.0445,True,False,failed confirmation - discarded,D,False
E:LIMIT_PREV_VPOC,entry,799,-17.82205307860657,-36.58589250478119,-0.6516781772568592,0.0535,422,-20.206044190535334,-42.04605968172747,-0.0032188662877652087,0.0455,True,False,failed confirmation - discarded,D,False
E:LIMIT_PREV_VWAP,entry,799,-12.881463794594884,-30.735144419956896,3.5227233034770897,0.1485,422,-17.452557377652024,-41.54976822593012,3.584098817827352,0.0985,False,False,failed discovery - discarded,D,False
E:ORB_HIGH_15,entry,799,-46.25306167244801,-76.70216409535713,-14.332742721559084,0.0035,422,-21.932785903419216,-60.18350349919352,16.983080301630192,0.2575,True,False,failed confirmation - discarded,D,False
E:ORB_HIGH_30,entry,799,-59.729875251733176,-97.42585881303323,-21.889212859187978,0.0025,422,-35.73750268026098,-80.79022484379347,8.493447420979908,0.1055,True,False,failed confirmation - discarded,D,False
E:ORB_HIGH_6,entry,799,-25.806607100181203,-51.28655846497591,-0.09328214436724631,0.0485,422,-24.799289325924743,-58.755286747016484,10.697494902173565,0.1485,True,False,failed confirmation - discarded,D,False
E:PULLBACK_0.25,entry,799,-26.93247218299523,-50.265511650577864,-6.114850275891202,0.0155,422,-21.770520640744998,-43.72615156836668,-1.494620156370918,0.0315,True,False,failed confirmation - discarded,D,False
E:PULLBACK_0.5,entry,799,-32.368559249555396,-58.16867216537774,-8.772700346357098,0.0095,422,-17.045229784025796,-42.49979657624094,6.887790913342835,0.1625,True,False,failed confirmation - discarded,D,False
E:PULLBACK_1,entry,799,-42.220865947663924,-72.98023870947736,-13.616331405594323,0.006500000000000001,422,-13.212588342992207,-47.915526033902786,19.635523809845697,0.4285,True,False,failed confirmation - discarded,D,False
E:PULLBACK_1.5,entry,799,-43.42040431474071,-78.28868774948171,-8.874544046580334,0.0135,422,-12.305822610936959,-53.3090007388986,27.09724155759736,0.5345,True,False,failed confirmation - discarded,D,False
E:PULLBACK_2,entry,799,-46.68038377609966,-87.90635948779726,-6.683331790677575,0.0285,422,-14.422203489409926,-63.49622924359298,34.17440858207739,0.5465,True,False,failed confirmation - discarded,D,False
E:PULLBACK_3,entry,799,-62.499091985733095,-110.16777166076962,-15.24792309742102,0.0085,422,-20.673879397179515,-81.54706512973644,38.361019490476906,0.5035,True,False,failed confirmation - discarded,D,False
E:TIME_120,entry,799,-16.589858227391836,-29.544817310906478,-3.5283500674739066,0.0085,422,-21.70317483590115,-37.5419532232506,-5.528639257976178,0.0055,True,False,failed confirmation - discarded,D,False
E:TIME_15,entry,799,-14.259788172145939,-24.103809585201283,-4.803304090974251,0.0025,422,-16.953838588990344,-28.407769903416213,-5.681849585281507,0.0025,True,False,failed confirmation - discarded,D,False
E:TIME_240,entry,799,-18.215700161874395,-32.15186484518382,-4.713137379519338,0.0055,422,-22.072527099465862,-39.9156096442559,-4.47921467775549,0.0095,True,False,failed confirmation - discarded,D,False
E:TIME_3,entry,799,-6.597336670896918,-13.015021132929583,0.16023580637390406,0.0465,422,-9.509472222019571,-18.65606477531623,0.007836551664616432,0.0465,True,False,failed confirmation - discarded,D,False
E:TIME_30,entry,799,-11.696384215632895,-21.965758170575075,-1.388759067580575,0.0225,422,-15.785292773209687,-28.137644820109706,-3.8178624994402877,0.006500000000000001,True,False,failed confirmation - discarded,D,False
E:TIME_6,entry,799,-9.53710284970541,-17.154246943641276,-1.888423879738483,0.0165,422,-13.91747933124723,-23.771656392509172,-4.04038229565521,0.006500000000000001,True,False,failed confirmation - discarded,D,False
E:TIME_60,entry,799,-11.87430391492611,-22.940627371159348,-0.6354120124875955,0.0345,422,-21.982918983537452,-36.16445708674654,-7.845792822510264,0.0015,True,False,failed confirmation - discarded,D,False
E:TIME_9,entry,799,-9.978885070393675,-18.28193886552135,-1.6940121548564122,0.0115,422,-16.617991550830418,-27.705857968277417,-5.993122082997974,0.0025,True,False,failed confirmation - discarded,D,False
E:VWAP_120,entry,799,-18.93180594579852,-29.135212115126862,-8.6725391502453,0.0005,422,-27.94433499937401,-40.1264209635049,-15.886109541275816,0.0005,True,False,failed confirmation - discarded,D,False
E:VWAP_15,entry,799,-12.59472761666102,-19.920973803932654,-5.4560346532964905,0.0005,422,-16.63669542529893,-25.749283509592086,-7.689158729890825,0.0005,True,False,failed confirmation - discarded,D,False
E:VWAP_30,entry,799,-14.558286696682503,-22.72792047395078,-6.342735005818903,0.0005,422,-19.121697928176207,-29.10429419970376,-9.19403631774771,0.0005,True,False,failed confirmation - discarded,D,False
E:VWAP_45,entry,799,-17.031137769855086,-25.798065865805384,-8.28724055431548,0.0005,422,-22.10154289772774,-32.737911835481846,-11.675859466059695,0.0005,True,False,failed confirmation - discarded,D,False
E:VWAP_6,entry,799,-8.858160496452212,-14.587003070411575,-2.90257005765514,0.0025,422,-12.545737741491626,-20.454959664897146,-4.508421241169446,0.0025,True,False,failed confirmation - discarded,D,False
E:VWAP_60,entry,799,-16.904859037370183,-25.949485270906347,-7.870316554778765,0.0005,422,-22.937303322522833,-34.24784423704594,-11.914434962289185,0.0005,True,False,failed confirmation - discarded,D,False
E:VWAP_9,entry,799,-9.595181792018915,-15.774571934403939,-3.271475908481576,0.0035,422,-14.307162581803054,-22.801004479878717,-5.948876650149532,0.0015,True,False,failed confirmation - discarded,D,False
E:VWAP_90,entry,799,-17.461965075136153,-27.111198877773543,-7.7042713804133625,0.0005,422,-26.42581556324753,-38.59297176152357,-14.606534133123239,0.0005,True,False,failed confirmation - discarded,D,False
X:CLOSE_10,exit,799,91.65777679407691,25.054802783587924,158.9579375448183,0.0055,422,62.22810428205338,-24.82327988074204,153.1658121563123,0.1585,True,False,failed confirmation - discarded,D,False
X:CLOSE_3,exit,799,-63.298805147257234,-93.96671011136313,-32.338398938419786,0.0005,422,-28.98190286462398,-69.94067385781906,9.637626802048764,0.1475,True,False,failed confirmation - discarded,D,False
X:CLOSE_4,exit,799,-29.52311614358373,-46.722081398471914,-12.173198793562776,0.0005,422,-22.175145277425532,-45.379010049612205,-0.18436954485844098,0.0505,True,False,failed confirmation - discarded,D,False
X:CLOSE_6,exit,799,18.26862044810126,0.7769142684324257,35.21126873540333,0.0415,422,6.522721296385801,-18.9469120892634,32.5529954775997,0.6224999999999999,True,False,failed confirmation - discarded,D,False
X:CLOSE_7,exit,799,37.98250080359843,5.034891621380209,70.17632776018397,0.0245,422,26.306716367300883,-19.926890934414676,74.37970209411053,0.2575,True,False,failed confirmation - discarded,D,False
X:OPEN_5,exit,799,26.61716566174536,11.257998432378804,42.24540514974861,0.0015,422,15.977925372652878,-3.9415349304300245,34.9878877586238,0.0935,True,False,failed confirmation - discarded,D,False
X:OPEN_6,exit,799,54.048185246097525,44.10863751784281,63.83475525778564,0.0005,422,27.071829550126527,12.384263169077292,40.081835454710905,0.0005,True,True,CONFIRMED -> forward lane,D,True
X:OPEN_7,exit,799,73.78848920502521,50.77830936503374,96.26080056585373,0.0005,422,36.0254888112551,6.0484456428017355,66.66978298878202,0.0175,True,True,CONFIRMED -> forward lane,D,True
X:TIME5_120,exit,793,9.852913878833302,-1.9257609827092015,21.861124877822032,0.0975,421,9.995149173316431,-2.8374191515977825,22.575670878293682,0.1225,True,False,failed confirmation - discarded,D,False
X:TIME5_15,exit,793,19.883602696811053,6.069176359936087,33.92651990407747,0.0025,421,8.232484229348843,-7.756150072915909,23.855855462952515,0.2745,True,False,failed confirmation - discarded,D,False
X:TIME5_240,exit,793,7.548528230519276,-1.7199331881761315,17.300746369952343,0.0865,421,14.18782612311279,5.148310868450157,23.063392359770834,0.0025,True,True,CONFIRMED -> forward lane,D,True
X:TIME5_30,exit,793,15.185471247164298,1.4291256184933274,29.33181799692612,0.0325,421,8.037124966662333,-7.776251323563368,22.949823002529477,0.2775,True,False,failed confirmation - discarded,D,False
X:TIME5_60,exit,793,10.945264777819025,-1.9643869733853396,23.963824435338648,0.0875,421,10.114772076867677,-6.234161184442018,25.625136100314595,0.1965,True,False,failed confirmation - discarded,D,False
X:VWAP_15_6,exit,791,46.064929684914105,37.198895377315196,55.008246470909555,0.0005,421,18.895210477731965,3.684191059664192,33.24975810170687,0.0105,True,True,CONFIRMED -> forward lane,D,True
X:VWAP_30_6,exit,791,43.198999730299356,33.3758466317432,52.93875228959487,0.0005,421,21.45334057288506,6.233162904630588,36.03526099208587,0.0055,True,True,CONFIRMED -> forward lane,D,True
X:VWAP_DAY_5,exit,793,21.24800950209767,13.712213727887615,29.509361552444066,0.0005,421,19.798111053110503,11.948651995098936,27.354177159953725,0.0005,True,True,CONFIRMED -> forward lane,D,True
X:VWAP_DAY_6,exit,791,38.76046190085626,25.524876735952734,51.87529205372619,0.0005,421,29.693155444746193,7.896454241458822,51.71686554154093,0.0035,True,True,CONFIRMED -> forward lane,D,True
E:CLOSE_T1,entry,798,-51.91448294880043,-70.42540677226798,-34.071844389201146,0.0005,422,-13.880584279594967,-36.37884363432804,9.206239941931326,0.2135,True,False,failed confirmation - discarded,ENS,False
E:GAPDN2_OPEN_ELSE_VWAP30,entry,798,-21.529385444473185,-28.640365230796107,-14.427704416028178,0.0005,422,-5.0381318406711175,-14.746854526026594,4.671652466615428,0.2715,True,False,failed confirmation - discarded,ENS,False
E:GAPUP2_VWAP30_ELSE_OPEN,entry,798,1.368261761524922,-0.9808232202677247,3.8547969486065816,0.2545,422,-1.834493459927861,-5.282509284232703,1.3761404717139492,0.2615,False,False,failed discovery - discarded,ENS,False
E:LIMIT_PREV_CLOSE,entry,798,-17.861636889132132,-38.883981734022406,1.4037054191423988,0.0685,422,-24.420984547446057,-51.87789875796816,-0.4572121302093566,0.0435,True,False,failed confirmation - discarded,ENS,False
E:LIMIT_PREV_VPOC,entry,798,-20.427025291103075,-38.27893772734737,-3.629616231534985,0.0175,422,-8.709776644802869,-32.15234390179306,12.906674066323811,0.4435,True,False,failed confirmation - discarded,ENS,False
E:LIMIT_PREV_VWAP,entry,798,-20.65723716543417,-37.78196310657169,-4.821463152691687,0.0115,422,-16.42369390755669,-40.438109788355845,4.7662113353917785,0.1425,True,False,failed confirmation - discarded,ENS,False
E:ORB_HIGH_15,entry,798,-72.77589792020886,-103.89613329991403,-39.927521364347086,0.0005,422,-9.441843676367998,-55.426060193916534,36.14193971007216,0.6835,True,False,failed confirmation - discarded,ENS,False
E:ORB_HIGH_30,entry,798,-86.86436227463965,-124.36754492148425,-47.67198155474065,0.0005,422,-19.5966755528203,-71.32676119421683,30.483583978585077,0.4575,True,False,failed confirmation - discarded,ENS,False
E:ORB_HIGH_6,entry,798,-53.708420435798764,-81.23907460739971,-24.63731568457416,0.0005,422,-9.885248921402201,-47.217599254888626,28.330733416521976,0.6004999999999999,True,False,failed confirmation - discarded,ENS,False
E:PULLBACK_0.25,entry,798,-33.01453535475638,-59.3259097235427,-7.590293809715847,0.0095,422,-24.023015950150143,-50.65750490482067,1.3485029007819425,0.0615,True,False,failed confirmation - discarded,ENS,False
E:PULLBACK_0.5,entry,798,-35.693446365421266,-63.61505563127864,-8.11262356610049,0.0075,422,-16.51459286891535,-45.26924696842275,11.210662317968549,0.2355,True,False,failed confirmation - discarded,ENS,False
E:PULLBACK_1,entry,798,-44.66835873839858,-77.86790002679683,-11.046279592923808,0.0045000000000000005,422,-13.843140642719892,-51.40391538801707,21.446740339471898,0.4415,True,False,failed confirmation - discarded,ENS,False
E:PULLBACK_1.5,entry,798,-49.5179346278387,-87.61708691239866,-10.780044561876108,0.0095,422,-4.363477368773392,-49.616418877328364,39.12010429446857,0.8254999999999999,True,False,failed confirmation - discarded,ENS,False
E:PULLBACK_2,entry,798,-48.698871831696266,-91.01237835939014,-6.645308082810944,0.025500000000000002,422,0.6217168184450649,-53.207507211201886,52.57663253085686,0.9614999999999999,True,False,failed confirmation - discarded,ENS,False
E:PULLBACK_3,entry,798,-73.30790668892057,-124.03807392353963,-23.363820275590438,0.0025,422,-4.413447101051139,-73.97386644789003,64.25102009650188,0.8845,True,False,failed confirmation - discarded,ENS,False
E:TIME_120,entry,798,-39.11770159444534,-53.9124095888441,-24.235365910208586,0.0005,422,-14.210713637523268,-31.98503793181227,4.030861618567507,0.1075,True,False,failed confirmation - discarded,ENS,False
E:TIME_15,entry,798,-28.67712455239844,-37.57315728795291,-19.809201434736746,0.0005,422,-5.431435005978967,-17.52052945549433,6.762830882673111,0.3565,True,False,failed confirmation - discarded,ENS,False
E:TIME_240,entry,798,-40.292835653776436,-56.201399883775274,-24.601013238946717,0.0005,422,-12.915216651661185,-32.41184266443197,6.7241849375774665,0.1695,True,False,failed confirmation - discarded,ENS,False
E:TIME_3,entry,798,-15.404873187531692,-21.58689601715928,-9.214488443700247,0.0005,422,-4.149575379530994,-13.281257674049858,4.786838724050921,0.3355,True,False,failed confirmation - discarded,ENS,False
E:TIME_30,entry,798,-30.573183386246463,-41.58317669356502,-19.349407955705605,0.0005,422,-4.527767417589109,-18.961285864605546,10.06414558944293,0.5025,True,False,failed confirmation - discarded,ENS,False
E:TIME_6,entry,798,-20.042747308097393,-27.383842742510254,-12.647114598322146,0.0005,422,-6.286362034815784,-16.651864855944705,3.8745457942591823,0.2015,True,False,failed confirmation - discarded,ENS,False
E:TIME_60,entry,798,-29.900065174802677,-41.7283080360313,-18.001764423985605,0.0005,422,-10.56184744687426,-28.112687746957736,7.287953456193279,0.2125,True,False,failed confirmation - discarded,ENS,False
E:TIME_9,entry,798,-25.98831723848637,-33.41812300388402,-18.7583425669492,0.0005,422,-9.803086279398894,-20.570427664181917,0.5778947901486665,0.0655,True,False,failed confirmation - discarded,ENS,False
E:VWAP_120,entry,798,-37.997306847280406,-48.67401332091951,-27.093904849894717,0.0005,422,-18.197671450737744,-32.2809649872088,-3.906762242361617,0.006500000000000001,True,False,failed confirmation - discarded,ENS,False
E:VWAP_15,entry,798,-24.353797090624756,-31.214094821955236,-17.55138433937476,0.0005,422,-7.263328440842224,-16.519060782566136,1.706030944882122,0.1075,True,False,failed confirmation - discarded,ENS,False
E:VWAP_30,entry,798,-29.274593333634098,-37.25193532214488,-21.176055154767973,0.0005,422,-8.37996332833505,-19.227021556795787,2.4847754736958616,0.1135,True,False,failed confirmation - discarded,ENS,False
E:VWAP_45,entry,798,-32.718801888043494,-41.367692231427014,-23.82747861830106,0.0005,422,-10.701628327343942,-22.681619780747894,1.3581644069947052,0.0675,True,False,failed confirmation - discarded,ENS,False
E:VWAP_6,entry,798,-18.66780847316798,-24.23854747390824,-12.937924548205602,0.0005,422,-5.476037100755168,-13.294201643957917,2.165345812576492,0.1455,True,False,failed confirmation - discarded,ENS,False
E:VWAP_60,entry,798,-32.626047609740404,-41.4482781257539,-23.609392537021712,0.0005,422,-11.970827460269634,-24.5032088663281,1.0094689264846317,0.0535,True,False,failed confirmation - discarded,ENS,False
E:VWAP_9,entry,798,-20.889600065055074,-26.994223984599238,-14.746343078690375,0.0005,422,-7.04135865431497,-15.370703453138537,0.9829325854439345,0.0835,True,False,failed confirmation - discarded,ENS,False
E:VWAP_90,entry,798,-35.49007160354887,-45.33834984682717,-25.50837645046758,0.0005,422,-15.973374791487402,-29.68321423978964,-1.9803502873550982,0.0175,True,False,failed confirmation - discarded,ENS,False
X:CLOSE_10,exit,798,65.91032179498869,-0.05787743621991503,132.81578913472796,0.0475,422,69.94305064791116,-23.947302981508116,168.4651907195979,0.1345,True,False,failed confirmation - discarded,ENS,False
X:CLOSE_3,exit,798,-54.84757336984182,-87.80332741627296,-22.311054254508427,0.0015,422,-26.53559184410737,-73.28092194160135,18.76325623686241,0.2645,True,False,failed confirmation - discarded,ENS,False
X:CLOSE_4,exit,798,-23.50125950053949,-40.19236551401798,-7.167934976346804,0.0025,422,-16.253281423667886,-41.78852745880555,8.288139674038298,0.2175,True,False,failed confirmation - discarded,ENS,False
X:CLOSE_6,exit,798,21.50939382207092,2.4645879322320714,40.06564263503992,0.0195,422,19.825437156380314,-6.546373753209431,47.239059067376076,0.1325,True,False,failed confirmation - discarded,ENS,False
X:CLOSE_7,exit,798,28.11212692766407,-3.0542677703169563,59.430874017143054,0.0745,422,33.10835915643479,-13.884679432117576,82.57342797775011,0.1715,True,False,failed confirmation - discarded,ENS,False
X:OPEN_5,exit,798,32.06761549815785,18.27281412835825,46.32150849713054,0.0005,422,18.798297065013003,-1.0143910027635363,37.90285231343384,0.0525,True,False,failed confirmation - discarded,ENS,False
X:OPEN_6,exit,798,51.10485281854915,41.27121673117858,61.07900232990738,0.0005,422,30.49239712551772,15.862357176363039,44.080613430446505,0.0005,True,True,CONFIRMED -> forward lane,ENS,False
X:OPEN_7,exit,798,76.10863119588983,49.31466807682764,102.47138647968313,0.0005,422,50.28450504628994,18.481843113864183,82.5551267373804,0.0015,True,True,CONFIRMED -> forward lane,ENS,False
X:TIME5_120,exit,790,19.209343469173817,10.935102465046667,27.6045192931434,0.0005,421,8.215944515877135,-4.610971155401406,21.11042887507124,0.2095,True,False,failed confirmation - discarded,ENS,False
X:TIME5_15,exit,790,25.639686571428616,14.006593332467581,37.39575724529014,0.0005,421,4.3141462404646,-11.485382397426232,19.55428248047618,0.5585,True,False,failed confirmation - discarded,ENS,False
X:TIME5_240,exit,790,14.54188228783344,6.479444021282638,23.468151555023535,0.0005,421,9.29845466091913,0.6719537214442753,17.818971979695213,0.035500000000000004,True,True,CONFIRMED -> forward lane,ENS,False
X:TIME5_30,exit,790,22.014411447793886,11.23607029164533,33.01027864497939,0.0005,421,4.4707207754330165,-10.700456685292126,18.863294191358307,0.5295,True,False,failed confirmation - discarded,ENS,False
X:TIME5_60,exit,790,20.122845411471268,10.12601016616965,30.19710144028769,0.0005,421,6.004248984851489,-9.44486885136647,20.473114878506948,0.4125,True,False,failed confirmation - discarded,ENS,False
X:VWAP_15_6,exit,791,47.55956988826402,37.83449861298414,57.41499215416383,0.0005,421,22.487994183000946,8.553121924381301,35.10722208670438,0.0005,True,True,CONFIRMED -> forward lane,ENS,False
X:VWAP_30_6,exit,791,47.865532555185645,37.502831733550124,58.387854349902184,0.0005,421,24.84824009901971,11.063958653442457,38.09980588367875,0.0005,True,True,CONFIRMED -> forward lane,ENS,False
X:VWAP_DAY_5,exit,790,25.515099022021147,18.218894977825112,33.321502544683895,0.0005,421,16.575948831831038,8.938851975732163,24.014246978457436,0.0005,True,True,CONFIRMED -> forward lane,ENS,False
X:VWAP_DAY_6,exit,791,45.56270835364971,32.27948912336669,58.595005295486764,0.0005,421,37.830076427310075,16.183799076079918,60.16542068270784,0.0015,True,True,CONFIRMED -> forward lane,ENS,False
