engine,group,rule,fill,benchmark,days,mean_bp,lo_bp,hi_bp,p
D,top3,entry OPEN,1.0,True,1221,0.0,0.0,0.0,1.0
D,top3,entry VWAP_15,0.9994207935128874,False,1221,-13.991705843725065,-19.73440037238365,-8.310276862928065,0.0005
D,top3,entry VWAP_30,0.9997103967564437,False,1221,-16.135485336887534,-22.611644650510513,-9.840115694542801,0.0005
D,top3,entry VWAP_60,0.9997103967564437,False,1221,-18.989782451239485,-26.190038048880723,-12.064968992932448,0.0005
D,top3,entry VWAP_DAY,1.0,True,1221,-30.135966378269405,-39.935238088643366,-20.9365804417453,0.0005
D,top3,entry CLOSE_T1,1.0,False,1221,-31.17360323315678,-43.4654631565359,-19.543413427763365,0.0005
D,top3,entry LIMIT_PREV_VWAP,0.8517231392991601,False,1221,-14.461317596437725,-28.368628246218208,-1.2478169956161613,0.0335
D,top3,entry LIMIT_PREV_VPOC,0.8398494063133507,False,1221,-18.64600414268023,-32.474441051916465,-5.5168013413869765,0.006500000000000001
D,top3,entry ORB_HIGH_15,0.5716768027801912,False,1221,-37.84752819617434,-62.015733443818156,-13.103553082008318,0.0025
D,top3,entry ORACLE_LOW,1.0,True,1221,225.0985683226027,210.0467353647909,240.43868064568753,0.0005
D,top3,exit CLOSE_5,1.0,True,1221,0.0,0.0,0.0,1.0
D,top3,exit OPEN_5,1.0,False,1221,22.940049034393166,10.777778165059527,35.22946601511718,0.0005
D,top3,exit OPEN_6,1.0,False,1221,44.724661819644005,36.332603065931394,53.01239703356518,0.0005
D,top3,exit VWAP_15_6,1.0,False,1212,36.62726319463054,28.579912379628883,44.407475517678485,0.0005
D,top3,exit VWAP_DAY_5,1.0,False,1214,20.745202873577412,15.100807861728995,26.75589000448605,0.0005
D,top3,exit CLOSE_3,1.0,False,1221,-51.438254153587096,-75.52692533184472,-27.67031859774078,0.0005
D,top3,exit CLOSE_7,1.0,False,1221,33.94713550292884,6.847009521030172,60.28152207668285,0.0145
D,top3,exit CLOSE_10,1.0,False,1221,81.48634206838163,28.501007783551604,133.8838317523244,0.0025
D,top3,exit ORACLE_HIGH,1.0,True,1221,552.5216369337184,514.6574196083187,591.8803260002626,0.0005
D,ranks4_10,entry OPEN,1.0,True,1221,0.0,0.0,0.0,1.0
D,ranks4_10,entry VWAP_15,0.9993907639819666,False,1221,-13.594634850899173,-17.902244874703612,-9.334361467087614,0.0005
D,ranks4_10,entry VWAP_30,0.9995126111855733,False,1221,-15.750041442202676,-20.685366457461434,-10.700119945336766,0.0005
D,ranks4_10,entry VWAP_60,1.0,False,1221,-18.708320982313577,-24.227015130222753,-13.1703981552496,0.0005
D,ranks4_10,entry VWAP_DAY,1.0,True,1221,-25.371701044336813,-33.00353439391997,-17.655598931813657,0.0005
D,ranks4_10,entry CLOSE_T1,1.0,False,1221,-15.540552421504986,-25.382651162075238,-5.884418425392121,0.0015
D,ranks4_10,entry LIMIT_PREV_VWAP,0.8586572438162544,False,1221,-6.103017224758152,-16.027975347643853,3.31345535549574,0.2025
D,ranks4_10,entry LIMIT_PREV_VPOC,0.8475691482880467,False,1221,-6.511302203606699,-16.81204085528961,3.25425801514465,0.1945
D,ranks4_10,entry ORB_HIGH_15,0.5669550383818691,False,1221,-19.652190607296358,-43.1093102313031,4.268253914435607,0.0975
D,ranks4_10,entry ORACLE_LOW,1.0,True,1221,211.5455146155094,199.05081007813317,224.54182422218545,0.0005
D,ranks4_10,exit CLOSE_5,1.0,True,1221,0.0,0.0,0.0,1.0
D,ranks4_10,exit OPEN_5,1.0,False,1221,20.769708171192814,11.371603913629324,30.26536552838329,0.0005
D,ranks4_10,exit OPEN_6,1.0,False,1221,38.06698962004473,32.52748419165509,43.821935491514964,0.0005
D,ranks4_10,exit VWAP_15_6,1.0,False,1214,37.324782747326935,30.87774391060807,44.00486098245457,0.0005
D,ranks4_10,exit VWAP_DAY_5,1.0,False,1214,18.401494976065894,14.536113756012483,22.328258108528896,0.0005
D,ranks4_10,exit CLOSE_3,1.0,False,1221,-29.147363293177005,-51.83996631931467,-6.836762746996945,0.0085
D,ranks4_10,exit CLOSE_7,1.0,False,1221,36.05101457597427,15.33671531454079,56.7580663316766,0.0005
D,ranks4_10,exit CLOSE_10,1.0,False,1221,67.57880822618505,22.004509973371803,112.56254301224578,0.0035
D,ranks4_10,exit ORACLE_HIGH,1.0,True,1221,525.3974507109504,490.96291010245596,561.8527840396545,0.0005
ENS,top3,entry OPEN,1.0,True,1220,0.0,0.0,0.0,1.0
ENS,top3,entry VWAP_15,0.9988499137435307,False,1220,-18.442175967503257,-24.074064274441255,-12.840187791870115,0.0005
ENS,top3,entry VWAP_30,0.9988499137435307,False,1220,-22.04710656130934,-28.589234412924753,-15.476149314793108,0.0005
ENS,top3,entry VWAP_60,0.9994249568717654,False,1220,-25.481373099021823,-32.76168915920593,-18.007424019865212,0.0005
ENS,top3,entry VWAP_DAY,1.0,True,1220,-38.87161856484921,-50.24465756566568,-27.871016386264497,0.0005
ENS,top3,entry CLOSE_T1,1.0,False,1220,-38.75849504846872,-53.788870785536695,-24.214695336482787,0.0005
ENS,top3,entry LIMIT_PREV_VWAP,0.8737780333525015,False,1220,-19.192847612299502,-32.97666240993808,-6.216737089047006,0.0045000000000000005
ENS,top3,entry LIMIT_PREV_VPOC,0.8582518688901668,False,1220,-16.374009775743495,-30.328085962471594,-2.904011857716475,0.021500000000000002
ENS,top3,entry ORB_HIGH_15,0.5945945945945946,False,1220,-50.86854473094587,-77.26930969600078,-23.564438184058393,0.0005
ENS,top3,entry ORACLE_LOW,1.0,True,1220,221.64799369897196,208.3821874047132,235.2132965978271,0.0005
ENS,top3,exit CLOSE_5,1.0,True,1220,0.0,0.0,0.0,1.0
ENS,top3,exit OPEN_5,1.0,False,1220,27.47773649915201,16.133643622938862,39.04344841366133,0.0005
ENS,top3,exit OPEN_6,1.0,False,1220,43.97497060341861,35.64494210639953,52.350546773092326,0.0005
ENS,top3,exit VWAP_15_6,1.0,False,1212,38.85071397084178,30.757172814343193,46.980182323216205,0.0005
ENS,top3,exit VWAP_DAY_5,1.0,False,1211,22.407434092153235,17.087406257882833,28.114708751825,0.0005
ENS,top3,exit CLOSE_3,1.0,False,1220,-45.054412547005796,-72.29815240737649,-18.5364815492666,0.0005
ENS,top3,exit CLOSE_7,1.0,False,1220,29.840331846140504,3.353172137531964,56.39544998195595,0.0265
ENS,top3,exit CLOSE_10,1.0,False,1220,67.3052493162455,12.833622760871837,121.79906146919085,0.0145
ENS,top3,exit ORACLE_HIGH,1.0,True,1220,567.9921840952011,530.827285912575,608.4033438999161,0.0005
ENS,ranks4_10,entry OPEN,1.0,True,1221,0.0,0.0,0.0,1.0
ENS,ranks4_10,entry VWAP_15,0.9995116591380784,False,1221,-15.76556777968377,-20.018454245567444,-11.637668787231444,0.0005
ENS,ranks4_10,entry VWAP_30,0.9995116591380784,False,1221,-19.516258361154385,-24.416351398815976,-14.774452079159715,0.0005
ENS,ranks4_10,entry VWAP_60,0.9998779147845196,False,1221,-22.68929349003042,-28.068124038769046,-17.393610071638385,0.0005
ENS,ranks4_10,entry VWAP_DAY,1.0,True,1221,-28.94352358289473,-36.89723535423774,-21.07464033511556,0.0005
ENS,ranks4_10,entry CLOSE_T1,1.0,False,1221,-21.042944759181225,-31.092305147454855,-11.054634145345306,0.0005
ENS,ranks4_10,entry LIMIT_PREV_VWAP,0.8823098522768893,False,1221,-5.430647857138371,-15.405978120616073,3.7256559806606386,0.2645
ENS,ranks4_10,entry LIMIT_PREV_VPOC,0.8611891099987792,False,1221,-8.911477447556525,-20.292325203771902,1.7562721262355296,0.1165
ENS,ranks4_10,entry ORB_HIGH_15,0.5813697961176901,False,1221,-24.843266467256917,-47.140644111649,-2.278731578219313,0.0335
ENS,ranks4_10,entry ORACLE_LOW,1.0,True,1221,207.25164887543292,195.3986331095302,219.57462207844705,0.0005
ENS,ranks4_10,exit CLOSE_5,1.0,True,1221,0.0,0.0,0.0,1.0
ENS,ranks4_10,exit OPEN_5,1.0,False,1221,18.53948521811811,9.102665854598877,28.257076782316066,0.0005
ENS,ranks4_10,exit OPEN_6,1.0,False,1221,33.09659158002132,27.72469174269272,38.489613360976996,0.0005
ENS,ranks4_10,exit VWAP_15_6,1.0,False,1214,30.907111603568982,25.245781081000388,36.68117690371016,0.0005
ENS,ranks4_10,exit VWAP_DAY_5,1.0,False,1214,18.742347623363095,15.047045269038769,22.410111573268374,0.0005
ENS,ranks4_10,exit CLOSE_3,1.0,False,1221,-35.19036716242045,-56.70670435357875,-13.714497545399734,0.0015
ENS,ranks4_10,exit CLOSE_7,1.0,False,1221,24.872215601810737,6.079128782734894,43.740123838264985,0.006500000000000001
ENS,ranks4_10,exit CLOSE_10,1.0,False,1221,53.39959711966109,10.559282037936116,95.54813565788044,0.0115
ENS,ranks4_10,exit ORACLE_HIGH,1.0,True,1221,518.636746556224,485.77553603980664,553.8358881347957,0.0005
