engine,rule,family,fallback,trades,taken_pct,hit_pct,profitable_pct,mean_net_bp,base_net_bp,whole_bp,whole_lo,whole_hi,whole_days,disc_bp,disc_lo,disc_hi,disc_days,conf_bp,conf_lo,conf_hi,conf_days,verdict,shadow_candidate
D,T2|C5,normal,C5,4965,1.0,0.7498489425981874,0.7629405840886203,-1.5592836430022496,107.22344986521526,-108.78273350821753,-149.96162363307673,-67.97913048490344,1655,-129.00096086734703,-178.57193823091558,-81.7765994211501,1232,-49.896548859405335,-109.6958401708476,9.863538095336168,423,-,False
D,T2|O6,normal,O6,4965,1.0,0.7498489425981874,0.7758308157099698,7.646671830183252,107.22344986521526,-99.57677803503204,-140.52810227937817,-58.85250355549167,1655,-118.19099262794208,-168.3438420566582,-71.42608197223855,1232,-45.36232796773851,-104.01823571543413,12.80626577186866,423,-,False
D,T5|C5,normal,C5,4965,1.0,0.5073514602215509,0.6026183282980866,53.41627958093371,107.22344986521526,-53.80717028428156,-83.79777118739901,-24.819381901136136,1655,-69.92129408983428,-107.82113842245053,-35.90160479856716,1232,-6.874308514917572,-49.663084580957396,36.93717438902596,423,-,False
D,T5|O6,normal,O6,4965,1.0,0.5073514602215509,0.6304128902316214,71.15757450483662,107.22344986521526,-36.06587536037866,-65.85778386630479,-7.621228203178362,1655,-49.802529277738,-88.56402075689894,-15.484699466118986,1232,3.9425351034196954,-36.535102605068815,44.81709433696082,423,-,False
D,T10|C5,normal,C5,4965,1.0,0.2473313192346425,0.5198388721047331,89.7125396258793,107.22344986521526,-17.510910239335978,-39.177708913179174,1.4500322138319948,1655,-26.62381028260228,-52.17501149061411,-4.020626481668214,1232,9.03068043041363,-16.063327501879225,32.761992271612236,423,-,False
D,T10|O6,normal,O6,4965,1.0,0.2473313192346425,0.5516616314199396,120.14198081371342,107.22344986521526,12.91853094849817,-7.740731615494591,31.608064958971095,1655,8.908813048814201,-17.735524608111945,31.574300028994248,1232,24.596952821809403,-1.5274982096608283,48.81331613880982,423,-,False
D,T3ATR|C5,normal,C5,4965,1.0,0.12124874118831823,0.5079556898288016,107.80727431520143,107.22344986521526,0.5838244499861657,-8.831854742725566,8.686675430031661,1655,-1.1609152324490004,-12.278022040313962,8.901715537796795,1232,5.6654303335798435,-5.392451190209019,17.554489059952264,423,-,False
D,T3ATR|O6,normal,O6,4965,1.0,0.12124874118831823,0.5397784491440081,147.59598606442265,107.22344986521526,40.372536199207374,29.484913082120176,51.33881872177145,1655,45.493479341029584,32.5866592245112,58.26691606946469,1232,25.457637970543143,9.041122535419554,40.542231642071954,423,PROMISING,True
D,SQ30|C5,state,C5,4965,1.0,0.6838592233009708,0.7049345417925479,23.05832961114334,107.22344986521526,-84.16512025407194,-120.74300046585091,-48.2575610564526,1655,-105.26939083043469,-151.35023803628607,-63.45714377745743,1232,-22.69830855175771,-72.05908920250046,28.21213581664631,423,-,False
D,SQ30|O6,state,O6,4965,1.0,0.6838592233009708,0.721852970795569,35.55508955360189,107.22344986521526,-71.66836031161338,-108.03177806051626,-37.506732749795795,1655,-91.29299324182149,-137.20516217934033,-49.654417842721124,1232,-14.511036978241293,-62.700283310816765,34.04438883834022,423,-,False
D,SQ50|C5,state,C5,4965,1.0,0.4919093851132686,0.590735146022155,62.840480325497985,107.22344986521526,-44.38296953971729,-74.48961293254368,-16.620389621059434,1655,-59.82877302126552,-96.31625037175088,-25.975184167622945,1232,0.603389536565093,-37.18573523120646,38.81202329515126,423,-,False
D,SQ50|O6,state,O6,4965,1.0,0.4919093851132686,0.6187311178247734,82.72936891410511,107.22344986521526,-24.494080951110142,-54.12938804575224,2.63686290645909,1655,-37.21887361423927,-74.81004860057803,-3.7673775885022094,1232,12.567253708405419,-22.303066549445692,46.92057263633981,423,-,False
D,SQ70|C5,state,C5,4965,1.0,0.2866100323624595,0.5287009063444109,86.1558688050746,107.22344986521526,-21.06758106014065,-43.22428398684818,-1.4494911024071755,1655,-31.461115521951836,-59.492521219295384,-7.49586135749579,1232,9.203895197427626,-15.973104993285196,34.04734536118031,423,-,False
D,SQ70|O6,state,O6,4965,1.0,0.2866100323624595,0.5607250755287009,115.14993229785105,107.22344986521526,7.926482432635794,-14.04908324572259,26.698399663745285,1655,2.1715116073124427,-27.25963134228587,26.10363753292924,1232,24.68800502553974,-0.7295860346263219,49.69210694974213,423,-,False
D,RQ50|C5,state,C5,4965,1.0,0.5001019783805833,0.5881168177240684,58.131887241316576,107.22344986521526,-49.09156262389868,-79.99563310456112,-21.019742458389718,1655,-65.22150351627054,-103.0540684625527,-31.133379368215994,1232,-2.112633121766025,-44.379941495673094,38.044888153288795,423,-,False
D,RQ50|O6,state,O6,4965,1.0,0.5001019783805833,0.6163141993957704,76.81406531203828,107.22344986521526,-30.40938455317698,-61.11090696194911,-2.0262316118108803,1655,-44.23851254695101,-82.38194067965304,-10.45044805740677,1232,9.868359390864642,-28.839533891779453,47.04022809966785,423,-,False
D,IQ50|C5,state,C5,4965,1.0,0.5238873009391588,0.6088620342396778,52.14661024564612,107.22344986521526,-55.076839619569135,-85.42574767135979,-27.01634828106448,1655,-70.63151685061496,-109.38115310957144,-36.086059395053695,1232,-9.773382530565721,-49.50904966797796,31.414396223395553,423,-,False
D,IQ50|O6,state,O6,4965,1.0,0.5238873009391588,0.6360523665659618,69.6377709809245,107.22344986521526,-37.58567888429077,-67.55700499422929,-9.01509440308903,1655,-50.35429191004573,-89.76245176559704,-15.714497117226612,1232,-0.3967161236994906,-38.78796613760819,37.63850344401525,423,-,False
D,OQ30|C5,stock,C5,4965,1.0,0.7327291037260826,0.7496475327291037,1.9875933290528363,107.22344986521526,-105.23585653616243,-142.85230112878745,-68.60950304189339,1655,-126.06711333399095,-172.57681496556305,-83.12274000736407,1232,-44.564205531612245,-99.2659391460314,10.150835474444621,423,-,False
D,OQ30|O6,stock,O6,4965,1.0,0.7327291037260826,0.7625377643504532,12.596218215361828,107.22344986521526,-94.62723164985344,-131.39510429381576,-58.085955150226724,1655,-113.86959758524847,-160.21177716086174,-71.21897159936242,1232,-38.58327223518043,-92.57769159701704,15.257579423289961,423,-,False
D,OQ50|C5,stock,C5,4965,1.0,0.5877139979859013,0.6483383685800604,39.25184438147834,107.22344986521526,-67.97160548373692,-99.50277249418373,-38.45938065495092,1655,-84.58250432248788,-123.8682754231748,-48.81083099379847,1232,-19.591871750069867,-63.48256979680205,25.114989132080257,423,-,False
D,OQ50|O6,stock,O6,4965,1.0,0.5877139979859013,0.6688821752265861,55.24093288147291,107.22344986521526,-51.98251698374234,-82.97731770963294,-22.7238418790549,1655,-66.48373416121325,-106.13223068681694,-30.35186362434147,1232,-9.74729343139211,-53.76062851404906,33.264625105206456,423,-,False
D,OQ70|C5,stock,C5,4965,1.0,0.4134944612286002,0.570392749244713,76.27573982335691,107.22344986521526,-30.94771004185834,-55.31129387327248,-8.055238091914406,1655,-44.02105347321197,-74.66727373467263,-17.033065062627077,1232,7.128789030074665,-26.470552354117565,41.4734620849462,423,-,False
D,OQ70|O6,stock,O6,4965,1.0,0.4134944612286002,0.5991943605236657,101.0155721527315,107.22344986521526,-6.207877712483768,-30.134746227151442,16.118095379136438,1655,-15.65878916496972,-46.75208388260191,12.172132682026508,1232,21.31818117513488,-11.16306285423304,53.21937125366565,423,-,False
D,OQ50S|C5,stock,C5,4965,1.0,0.5214501510574018,0.6004028197381671,54.000947916997355,107.22344986521526,-53.22250194821791,-82.87100990679642,-25.143400921959252,1655,-69.25783509121334,-105.99882402087025,-36.16523088645936,1232,-6.519120311881361,-46.349989180723526,32.45625041366979,423,-,False
D,OQ50S|O6,stock,O6,4965,1.0,0.5214501510574018,0.627190332326284,72.41271667248968,107.22344986521526,-34.81073319272561,-64.38897716801047,-7.225183661198731,1655,-48.27266856425634,-85.74741269473716,-15.278575295013944,1232,4.39755138818665,-33.31931680262686,38.78463604120993,423,-,False
D,SH,other,,4965,1.0,,0.5282980866062437,160.2813528082454,107.22344986521526,53.05790294303012,21.73116203926057,83.93069987766953,1655,59.12688001179604,21.749456935772816,96.06093557900329,1232,35.38182788695539,-13.188010269043145,83.12880216122237,423,PROMISING,True
D,OH,other,,4965,1.0,,0.5289023162134945,158.82641490207445,107.22344986521526,51.60296503685917,28.124833074956246,77.06813740573841,1655,50.749038534005344,22.963129212136284,79.75190342982323,1232,54.09005121065565,5.526262159320013,106.39076024670466,423,PROMISING,True
D,VETO_CROSS_NEG,other,,4965,0.7659617321248742,,0.5127530896660532,121.00923196626933,107.22344986521526,-14.53500894523092,-45.74260880495543,16.50856302197061,1655,-20.064890883864987,-60.29758502970707,16.902694729231655,1232,1.5709356136276391,-20.85692969058638,25.26506624077976,423,-,False
D,VETO_OWN_NEG,other,,4965,0.42114803625377645,,0.5203252032520326,100.87868354587599,107.22344986521526,-64.73859039000345,-96.75273071807041,-34.31016055352471,1655,-77.05448453362733,-115.7583416217231,-41.37253153066632,1232,-28.86818475183647,-81.25242373863522,22.735731059837413,423,-,False
D,VETO_BOTH_NEG,other,,4965,0.8555891238670695,,0.5134180790960452,113.40916693477676,107.22344986521526,-10.191800088995405,-30.22435782270467,8.207467576368126,1655,-12.925808250901627,-38.8796938801845,9.408304907198811,1232,-2.228920525240168,-20.471333902826323,17.647089146361377,423,-,False
D,OPEN_6,other,,4965,1.0,,0.5357502517623364,158.684505038224,107.22344986521526,51.46105517300871,43.332201408111246,60.14506158409992,1655,59.91591625613695,50.28318055278134,69.39295555951311,1232,26.836022420256985,11.638703579624751,39.46355312686426,423,PROMISING,True
D,CLOSE_3,other,,4965,1.0,,0.4747230614300101,48.789457466458295,107.22344986521526,-58.43399239875696,-82.47093215472607,-36.17834260829615,1655,-69.77182375484946,-98.41296447105937,-42.10548869933559,1232,-25.412223531839782,-63.55489847781949,14.540957609855036,423,-,False
D,CLOSE_7,other,,4965,1.0,,0.5246727089627392,139.5547815057332,107.22344986521526,32.33133164051796,8.147937079390886,58.41223662669426,1655,34.36652290098308,6.738955427478314,62.760333429053745,1232,26.40377695282756,-21.08089789011609,70.79789511528574,423,PROMISING,True
D,CLOSE_10,other,,4965,1.0,,0.529103726082578,187.27942132260486,107.22344986521526,80.0559714573896,27.630198008638864,134.73052590071984,1655,87.50359014532309,23.092950237378712,154.1623111994528,1232,58.36456194548877,-24.903040198198862,146.2499105585941,423,PROMISING,True
ENS,T2|C5,normal,C5,4965,1.0,0.7635448136958711,0.7768378650553878,4.852276933982511,109.43971387137358,-104.58743693739109,-146.5236676149329,-63.45392939576068,1655,-123.79383450103269,-174.3534792373156,-76.00399529638216,1232,-48.64823646834512,-113.29093108508985,16.189853117859275,423,-,False
ENS,T2|O6,normal,O6,4965,1.0,0.7635448136958711,0.7885196374622356,13.251960565426378,109.43971387137358,-96.18775330594721,-137.84270971757942,-54.79194405521984,1655,-114.02670725351886,-164.1060969193838,-66.8515929256166,1232,-44.23127277779531,-109.34964662081187,19.704919051893956,423,-,False
ENS,T5|C5,normal,C5,4965,1.0,0.5051359516616314,0.6078549848942598,55.34929696414413,109.43971387137358,-54.090416907229454,-86.40771233259902,-24.732001227095612,1655,-63.69067885317876,-101.18629831666291,-28.865183286031908,1232,-26.129370293968098,-70.51045287133661,18.29668923558556,423,-,False
ENS,T5|O6,normal,O6,4965,1.0,0.5051359516616314,0.6304128902316214,72.30080841452956,109.43971387137358,-37.13890545684403,-67.93413409068069,-8.488097548315611,1655,-45.45308094552606,-83.05394423314924,-10.677303356191889,1232,-12.923623655292596,-55.317560350109176,27.29552375492744,423,-,False
ENS,T10|C5,normal,C5,4965,1.0,0.24531722054380664,0.5303121852970796,92.84893416292553,109.43971387137358,-16.590779708448068,-38.234589215014324,2.182368281776187,1655,-23.32797436558,-50.294287295302254,0.00011102013963262315,1232,3.0314988201253272,-23.550486939394894,28.62880922524791,423,-,False
ENS,T10|O6,normal,O6,4965,1.0,0.24531722054380664,0.5587109768378651,122.38281547908277,109.43971387137358,12.943101607709185,-8.007224337044198,31.310818616767257,1655,10.263948743250129,-16.707637482718354,33.71545944591392,1232,20.746213496630126,-5.953379409807807,45.63791961805507,423,-,False
ENS,T3ATR|C5,normal,C5,4965,1.0,0.11460221550855992,0.516012084592145,105.37337343090142,109.43971387137358,-4.06634044047217,-14.086000949628616,4.474603859247331,1655,-3.348143852824527,-15.902374167651656,7.884782474968789,1232,-6.158109225299349,-20.915381927829117,7.023606257879923,423,-,False
ENS,T3ATR|O6,normal,O6,4965,1.0,0.11460221550855992,0.5452165156092649,144.5283543096143,109.43971387137358,35.088640438240716,23.565783611167607,46.24260554193233,1655,40.67432519248447,26.2761466995023,54.0687094058425,1232,18.82016852989959,1.0026273859415928,35.69184944537652,423,promising (reported),False
ENS,SQ30|C5,state,C5,4965,1.0,0.6866909385113269,0.7121852970795569,32.19254486219664,109.43971387137358,-77.24716900917696,-114.53622068048479,-40.53109677606042,1655,-91.68579696719107,-136.05492247815675,-50.255731861169096,1232,-35.194238408057814,-88.218449807279,18.28409122866332,423,-,False
ENS,SQ30|O6,state,O6,4965,1.0,0.6866909385113269,0.7280966767371602,43.42085961274974,109.43971387137358,-66.01885425862386,-102.00761349292054,-29.962962255156913,1655,-79.66493893630434,-123.98902957351427,-38.23942746370677,1232,-26.274229381786153,-77.6056575342105,24.32646669656228,423,-,False
ENS,SQ50|C5,state,C5,4965,1.0,0.4866504854368932,0.5995971802618328,68.59990722436987,109.43971387137358,-40.839806647003705,-70.38756857823978,-13.37162798189939,1655,-49.88213282431843,-86.43810383053017,-16.701283204924696,1232,-14.503764447354186,-53.17184997822207,24.621219694803933,423,-,False
ENS,SQ50|O6,state,O6,4965,1.0,0.4866504854368932,0.6235649546827795,87.47833477220055,109.43971387137358,-21.961379099173033,-50.78875708443991,4.801673408501845,1655,-29.11126310357321,-66.08283405562452,3.4707053984558147,1232,-1.1371306513691988,-37.41397920911271,33.77013756497823,423,-,False
ENS,SQ70|C5,state,C5,4965,1.0,0.28377831715210355,0.537361530715005,90.25994626532685,109.43971387137358,-19.17976760604674,-40.93225163077098,-0.09443248441765154,1655,-24.291826633124987,-51.82779840796923,-0.2201901082703727,1232,-4.290744624107264,-32.3389152471497,22.028727696132428,423,-,False
ENS,SQ70|O6,state,O6,4965,1.0,0.28377831715210355,0.5663645518630412,118.391537435859,109.43971387137358,8.951823564485407,-12.405967254614099,28.8420682929386,1655,6.920637978047141,-20.40043225280434,31.575365116491383,1232,14.86771160820158,-12.490623316539342,40.32800367943961,423,-,False
ENS,RQ50|C5,state,C5,4965,1.0,0.49979600163198695,0.6002014098690835,62.67347436904291,109.43971387137358,-46.76623950233068,-77.4540023450142,-18.80193330424203,1655,-55.62137605656355,-92.33475874943291,-22.148216247908913,1232,-20.97539261151533,-63.55230273212555,21.093906267659534,423,-,False
ENS,RQ50|O6,state,O6,4965,1.0,0.49979600163198695,0.6235649546827795,80.15441766416696,109.43971387137358,-29.285296207206628,-59.502809616222414,-2.0737579134891795,1655,-36.62278404814974,-73.7490449712024,-3.5898627903926195,1232,-7.914646041622925,-48.58181043663233,30.653010747483588,423,-,False
ENS,IQ50|C5,state,C5,4965,1.0,0.523974699041012,0.6155085599194361,54.36905805119293,109.43971387137358,-55.07065582018065,-87.10192235189457,-24.688944625615257,1655,-64.63315822961887,-102.9482490794674,-29.029326163075222,1232,-27.21958497283342,-71.17461467078476,17.272565911931654,423,-,False
ENS,IQ50|O6,state,O6,4965,1.0,0.523974699041012,0.6374622356495468,71.36767019317608,109.43971387137358,-38.07204367819752,-69.58501223760472,-8.50734736431854,1655,-45.90732145663904,-84.87171724301525,-9.916440331523225,1232,-15.251565609545143,-58.4187739351956,25.071241100226185,423,-,False
ENS,OQ30|C5,stock,C5,4965,1.0,0.7363544813695871,0.7542799597180262,9.903875365634155,109.43971387137358,-99.53583850573945,-138.9972731210185,-61.71179429471421,1655,-117.34038818271533,-162.9493401494044,-74.82488565527808,1232,-47.67956143237232,-106.68396589789887,11.71847201155248,423,-,False
ENS,OQ30|O6,stock,O6,4965,1.0,0.7363544813695871,0.7675730110775428,19.481337188156836,109.43971387137358,-89.95837668321677,-128.87021131580366,-52.1184413243271,1655,-107.27243579586745,-152.6549613453229,-64.8067465344058,1232,-39.53066787284876,-99.02879433543515,19.72550048845871,423,-,False
ENS,OQ50|C5,stock,C5,4965,1.0,0.5820745216515609,0.6519637462235649,43.130298864559336,109.43971387137358,-66.30941500681423,-100.68864455095166,-33.91146356858579,1655,-79.82746422819706,-120.86323261545454,-41.85615557364044,1232,-26.93769717999713,-75.57416227462086,23.51259742050279,423,-,False
ENS,OQ50|O6,stock,O6,4965,1.0,0.5820745216515609,0.6690835850956697,58.18767597973627,109.43971387137358,-51.252037891637315,-85.05156869882356,-19.200613799993658,1655,-63.96596867564026,-104.80068253885398,-26.823116379248777,1232,-14.222338776054276,-63.081071276053244,35.77380492022962,423,-,False
ENS,OQ70|C5,stock,C5,4965,1.0,0.4092648539778449,0.5800604229607251,77.1632288638276,109.43971387137358,-32.276485007546,-59.42430712214936,-8.09834129540649,1655,-40.31765115200231,-74.72631064456422,-10.942451353995507,1232,-8.856350988703992,-43.35672786252765,26.54388615554182,423,-,False
ENS,OQ70|O6,stock,O6,4965,1.0,0.4092648539778449,0.6054380664652568,100.7974034452778,109.43971387137358,-8.642310426095793,-35.69182445193106,15.71658836527449,1655,-14.150258130983982,-48.01676886322439,16.41960801306961,1232,7.399750028803137,-25.901664802333606,38.88333004086351,423,-,False
ENS,OQ50S|C5,stock,C5,4965,1.0,0.5170191339375629,0.6094662638469285,61.43991537663124,109.43971387137358,-47.99979849474236,-78.7862272478639,-19.43355630189025,1655,-57.5224387885158,-95.07798067568709,-23.088367148227004,1232,-20.26482723722726,-61.65172685803408,21.690935446337,423,-,False
ENS,OQ50S|O6,stock,O6,4965,1.0,0.5170191339375629,0.6312185297079557,78.83003510642287,109.43971387137358,-30.609678764950704,-61.05449383446108,-2.6011025714932132,1655,-38.40121436169892,-76.53582563534178,-4.014477004411593,1232,-7.916601093097744,-48.907420083333896,29.9513547191617,423,-,False
ENS,SH,other,,4965,1.0,,0.5369587109768379,162.315856899258,109.43971387137358,52.87614302788438,22.1090670775426,84.12272773412325,1655,58.59738904653487,23.249761342167908,95.88604007751479,1232,36.21284493101108,-9.091341466085991,82.48067119004413,423,promising (reported),False
ENS,OH,other,,4965,1.0,,0.5405840886203424,148.7973266073703,109.43971387137358,39.35761273599674,12.076862793554508,67.1311616861533,1655,34.78080226488527,4.876371913190202,67.11702947777466,1232,52.687708481645295,9.833563127546032,100.53394913677772,423,promising (reported),False
ENS,VETO_CROSS_NEG,other,,4965,0.796576032225579,,0.5130214917825537,100.99238282820083,109.43971387137358,-28.991602273078666,-59.31499820844733,-2.4383682560070272,1655,-36.85553199915036,-77.25204057388764,-5.300095567371675,1232,-6.087674560264637,-26.26843820974523,15.637885671354072,423,-,False
ENS,VETO_OWN_NEG,other,,4965,0.4594159113796576,,0.5094256904866287,91.71828188641808,109.43971387137358,-67.30287580834849,-100.37700361625662,-34.03316887249565,1655,-87.2399872149028,-126.47235138839,-48.941787166966144,1232,-9.235449678620585,-60.252797914555,43.1780471612824,423,-,False
ENS,VETO_BOTH_NEG,other,,4965,0.8817724068479356,,0.5150753768844221,105.53206884830746,109.43971387137358,-16.384447523359473,-36.88164979748049,0.4553241197722502,1655,-22.127105840668683,-49.638320766649365,-0.9486716439106205,1232,0.34121452610847447,-15.991875878596112,17.194451091292713,423,-,False
ENS,OPEN_6,other,,4965,1.0,,0.5419939577039274,159.89346059392912,109.43971387137358,50.45374672255552,42.35514189838331,58.91513717794963,1655,57.37370021057087,47.957233157265605,66.94034931749596,1232,30.29917769835957,14.887109439869814,44.43574322918595,423,promising (reported),False
ENS,CLOSE_3,other,,4965,1.0,,0.4918429003021148,54.59654312764478,109.43971387137358,-54.84317074372879,-80.99245554297015,-30.184340457823524,1655,-65.83883794547226,-95.73363702657112,-37.17229358196305,1232,-22.817965087587037,-68.55316639902243,23.130167666277803,423,-,False
ENS,CLOSE_7,other,,4965,1.0,,0.5228600201409869,149.04573605523177,109.43971387137358,39.6060221838582,14.421623798756169,66.79404592947536,1655,42.00716555770861,13.070831812827977,73.15952967888711,1232,32.61262115174543,-14.307920472530665,79.38326996192195,423,promising (reported),False
ENS,CLOSE_10,other,,4965,1.0,,0.5371601208459215,194.75343149008472,109.43971387137358,85.31371761871114,32.787561658662575,137.49957804293996,1655,93.43685303981684,30.574078993538837,158.30687718432677,1232,61.65484565936779,-27.190290592665885,150.98484366063772,423,promising (reported),False
